State,District,Telugu,Hindi
Andaman and Nicobar Islands,Nicobars,నికోబార్లు,निकोबार
Andaman and Nicobar Islands,North and Middle Andaman,ఉత్తర మరియు మధ్య అండమాన్,उत्तर और मध्य अंडमान
Andaman and Nicobar Islands,South Andaman,దక్షిణ అండమాన్,दक्षिणी अंडमान
Andhra Pradesh,Anantapur,అనంతపురం,अनंतपुर
Andhra Pradesh,Chittoor,చిత్తూరు,चित्तूर
Andhra Pradesh,East Godavari,తూర్పు గోదావరి,पूर्वी गोदावरी
Andhra Pradesh,Guntur,గుంటూరు,गुंटूर
Andhra Pradesh,Krishna,కృష్ణ,कृष्णा
Andhra Pradesh,Kurnool,కర్నూలు,कुरनूल
Andhra Pradesh,Prakasam,ప్రకాశం,प्रकाशम
Andhra Pradesh,S.P.S. Nellore,నెల్లూరు,नेल्लोर
Andhra Pradesh,Srikakulam,శ్రీకాకుళం,श्रीकाकुलम
Andhra Pradesh,Visakhapatnam,విశాఖపట్నం,विशाखापट्टनम 
Andhra Pradesh,Vizianagaram,విజయనగరం,विजयनगरम
Andhra Pradesh,West Godavari,పశ్చిమ గోదావరి,पश्चिमी गोदावरी
Andhra Pradesh,Y.S.R. Kadapa,వై.ఎస్.ఆర్. కడప,कडपा
Arunachal Pradesh,Anjaw,ఆంజ,अंजा
Arunachal Pradesh,Changlang,చాంగ్లాంగ్,चांगलांग
Arunachal Pradesh,East Kameng,తూర్పు కామెంగ్,पूर्वी कामेंग
Arunachal Pradesh,East Siang,తూర్పు సియాంగ్,पूर्व सियांग
Arunachal Pradesh,Kamle,కమలే,कमले 
Arunachal Pradesh,Kra Daadi,క్రా డాడి,क्रा दादी 
Arunachal Pradesh,Kurung Kumey,కురుంగ్ కుమే,कुरूंग कुमेय 
Arunachal Pradesh,Lepa Rada,లేపా రాడా,लेपा राडा 
Arunachal Pradesh,Lohit,లోహిత్,लोहित
Arunachal Pradesh,Longding,లొంగిడింగ్,लोंगडिंग 
Arunachal Pradesh,Lower Dibang Valley,దిగువ దిబాంగ్ వ్యాలీ,लोअर दिबांग घाटी
Arunachal Pradesh,Lower Siang,దిగువ సియాంగ్,लोअर सियांग
Arunachal Pradesh,Lower Subansiri,దిగువ సుబన్సిరి,लोअर सुबानसिरी
Arunachal Pradesh,Namsai,నామసాయి,नामसाई 
Arunachal Pradesh,Pakke Kessang,పక్కే కెస్సాంగ్,पक्के केसांग 
Arunachal Pradesh,Papum Pare,పాపుమ్ పరే,पापुम पारे
Arunachal Pradesh,Shi Yomi,షి యోమి,शि योमी
Arunachal Pradesh,Siang,సియాంగ్,सियांग
Arunachal Pradesh,Tawang,తవాంగ్,तवांग
Arunachal Pradesh,Tirap,తిరాప్,तिराप 
Arunachal Pradesh,Upper Dibang Valley,ఎగువ దిబాంగ్ వ్యాలీ,ऊपरी दिबांग घाटी
Arunachal Pradesh,Upper Siang,ఎగువ సియాంగ్,ऊपरी सियांग
Arunachal Pradesh,Upper Subansiri,ఎగువ సుబన్సిరి,ऊपरी सुबानसिरी
Arunachal Pradesh,West Kameng,వెస్ట్ కామెంగ్,पश्चिम कामेंग
Arunachal Pradesh,West Siang,వెస్ట్ సియాంగ్,पश्चिम सियांग
Assam,Baksa,బక్సా,बक्सा
Assam,Barpeta,బార్పేట,बारपेटा
Assam,Biswanath,బిశ్వనాథ్,बिश्वनाथ
Assam,Bongaigaon,బొంగైగోన్,बोंगईगांव
Assam,Cachar,కచార్,कछार
Assam,Charaideo,చరాయిదేవ్,चराइदेओ 
Assam,Chirang,చిరాంగ్,चिरांग
Assam,Darrang,దర్రాన్గ్,दरांग
Assam,Dhemaji,దేమాజీ,धेमाजी
Assam,Dhubri,ధుబ్రి,धुबरी
Assam,Dibrugarh,దిబ్రుగార్,डिब्रूगढ़
Assam,Dima Hasao,డిమా హసావో,दीमा हसाओ
Assam,Goalpara,గోల్పర,गोलपाड़ा
Assam,Golaghat,గోలాఘాట్,गोलाघाट
Assam,Hailakandi,హైలాకండి,हैलाकांडी
Assam,Hojai,హోజై,होजाइ 
Assam,Jorhat,జోర్హాట్,जोरहाट
Assam,Kamrup,కామరూప్,कामरूप
Assam,Kamrup Metropolitan,కామరూప్ మెట్రోపాలిటన్,कामरूप मेट्रोपोलिटन
Assam,Karbi Anglong,కర్బీ ఆంగ్లాంగ్,कार्बी आंगलोंग
Assam,Karimganj,కరీంగంజ్,करीमगंज
Assam,Kokrajhar,కోక్రాఝర్,कोकराझार
Assam,Lakhimpur,లఖింపూర్,लखीमपुर
Assam,Majuli,మజూలి,माजुली
Assam,Morigaon,మొరిగాన్,मोरीगांव
Assam,Nagaon,నాగావ్,नगांव
Assam,Nalbari,నల్బరి,नलबाड़ी
Assam,Sivasagar,శివసాగర్,शिवसागर
Assam,Sonitpur,సోనిత్పూర్,सोनितपुर
Assam,South Salmara Mancachar,దక్షిణ సల్మారా మంచాచార్,दक्षिण सलमारा मनचचार 
Assam,Tinsukia,టిన్సుకియా,तिनसुकिया
Assam,Udalguri,ఉదాల్గురి,उदालगुरी 
Assam,West Karbi Anglong,పశ్చిమ కర్బి ఆంగ్లాంగ్,पश्चिम कार्बी आंगलोंग
Bihar,Araria,అరారియా,अररिया
Bihar,Arwal,ఆర్వాల్,अरवल
Bihar,Aurangabad,ఔరంగాబాద్,औरंगाबाद
Bihar,Banka,బంకా,बांका
Bihar,Begusarai,బెగుసారై,बेगूसराय
Bihar,Bhagalpur,భగల్పూర్,भागलपुर
Bihar,Bhojpur,భోజ్పూర్,भोजपुर
Bihar,Buxar,బక్సర్,बक्सर
Bihar,Darbhanga,దర్భాంగా,दरभंगा
Bihar,Gaya,గయ,गया
Bihar,Gopalganj,గోపాలగంజ్,गोपालगंज
Bihar,Jamui,జముయ్,जमुई
Bihar,Jehanabad,జెహానాబాద్,जहानाबाद
Bihar,Kaimur Bhabua,కైమూర్ భాబువా,कैमूर भभुआ
Bihar,Katihar,కతిహార్,कटिहार
Bihar,Khagaria,ఖగరియా,खगरिया
Bihar,Kishanganj,కిషన్గంజ్,किशनगंज
Bihar,Lakhisarai,లఖిసరాయ్,लखीसराय
Bihar,Madhepura,మాధేపురా,मधेपुरा
Bihar,Madhubani,మధుబని,मधुबनी
Bihar,Munger,ముంగేర్,मुंगेर
Bihar,Muzaffarpur,ముజఫర్పూర్,मुजफ्फरपुर
Bihar,Nalanda,నలంద,नालंदा
Bihar,Nawada,నవాడా,नवादा
Bihar,Pashchim Champaran,పష్చిమ్ చంపారన్,पश्चिम चंपारण
Bihar,Patna,పాట్నా,पटना
Bihar,Purba Champaran,పూర్బ చంపారన్,पूर्ब चंपारण
Bihar,Purnia,పూర్ణియా,पूर्णिया
Bihar,Rohtas,రోహ్తాస్,रोहतास
Bihar,Saharsa,సహర్సా,सहरसा
Bihar,Samastipur,సమస్తిపూర్,समस्तीपुर
Bihar,Saran,సరన్,सरन
Bihar,Sheikhpura,షేక్పురా,शेखपुरा
Bihar,Sheohar,శివోహర్,शिवहर
Bihar,Sitamarhi,సీతామర్హి,सीतामढ़ी
Bihar,Siwan,శివన్,सिवान
Bihar,Supaul,సుపౌల్,सुपौल
Bihar,Vaishali,వైశాలి,वैशाली
Chandigarh,Chandigarh,చండీగఢ్,चंडीगढ़
Chhattisgarh,Balod,బలోడ్,बालोद
Chhattisgarh,Baloda Bazar,బలోడాబజార్,बलोदा बाजार
Chhattisgarh,Balrampur,బలరామ్పూర్,बलरामपुर
Chhattisgarh,Bametara,బమేతర,बामेतारा 
Chhattisgarh,Bastar,బస్తర్,बस्तर
Chhattisgarh,Bijapur,బీజాపూర్,बीजापुर
Chhattisgarh,Bilaspur,బిలాస్పూర్,बिलासपुर
Chhattisgarh,Dakshin Bastar Dantewada,దక్షిణ బస్తర్ దంతేవాడ,दक्षिण बस्तर दंतेवाड़ा
Chhattisgarh,Dhamtari,ధమ్తారి,धमतरी
Chhattisgarh,Durg,దుర్గ్,दुर्ग
Chhattisgarh,Gariaband,గరియాబంద్,गरियाबंद
Chhattisgarh,Janjgir - Champa,జంజ్‌గిర్ - చంపా,जांजगीर - चंपा
Chhattisgarh,Jashpur,జష్పూర్,जशपुर
Chhattisgarh,Kabeerdham,కబీర్ధామ్,कबीरधाम 
Chhattisgarh,Kondagaon,కొండగాన్,कोंडागांव 
Chhattisgarh,Korba,కోర్బా,कोरबा
Chhattisgarh,Koriya,కొరియా,कोरिया
Chhattisgarh,Mahasamund,మహాసముంద్,महासमुंद
Chhattisgarh,Mungeli,ముంగేళి,मुंगेली
Chhattisgarh,Narayanpur,నారాయణ్పూర్,नारायणपुर
Chhattisgarh,Raigarh,రాయ్గఢ్,रायगढ़
Chhattisgarh,Raipur,రాయ్పూర్,रायपुर
Chhattisgarh,Rajnandgaon,రాజనందగాన్ ,राजनंदगांव
Chhattisgarh,Sukma,సుక్మా,सुकमा
Chhattisgarh,Surajpur,సురాజ్పూర్,सूरजपुर 
Chhattisgarh,Surguja,సుర్గుజా,सरगुजा
Chhattisgarh,Uttar Bastar Kanker,ఉత్తర్ బస్తర్,उत्तर बस्तर कांकेर
Dadra and Nagar Haveli,Dadra and Nagar Haveli,దాద్రా మరియు నగర్ హవేలి,दादरा और नगर हवेली
Daman And Diu,Daman,డామన్,दमन
Daman And Diu,Diu,డియూ,दीव
Delhi,Central Delhi,సెంట్రల్ ఢిల్లీ ,सेंट्रल दिल्ली
Delhi,East Delhi,తూర్పు ఢిల్లీ ,पूर्वी दिल्ली
Delhi,New Delhi,న్యూఢిల్లీ,नई दिल्ली
Delhi,North Delhi,ఉత్తర ఢిల్లీ ,उत्तरी दिल्ली
Delhi,North East Delhi,నార్త్ ఈస్ట్ ఢిల్లీ ,नॉर्थ ईस्ट दिल्ली
Delhi,North West Delhi,నార్త్ వెస్ట్ ఢిల్లీ ,उत्तर पश्चिम दिल्ली
Delhi,Shahdara,షాదార,शाहदरा
Delhi,South Delhi,దక్షిణ ఢిల్లీ ,दक्षिण दिल्ली
Delhi,South East Delhi,ఆగ్నేయ ఢిల్లీ ,दक्षिण पूर्व दिल्ली
Delhi,South West Delhi,నైరుతి ఢిల్లీ ,साउथ वेस्ट दिल्ली
Delhi,West Delhi,పశ్చిమ ఢిల్లీ ,पश्चिमी दिल्ली
Goa,North Goa,ఉత్తర గోవా,उत्तरी गोवा
Goa,South Goa,దక్షిణ గోవా,दक्षिण गोवा
Gujarat,Ahmadabad,అహ్మదాబాద్,अहमदाबाद
Gujarat,Amreli,అమ్రేలి,अमरेली
Gujarat,Anand,ఆనంద్,आनंद
Gujarat,Aravalli,ఆరావళి,अरावली
Gujarat,Banas Kantha,బనస్ కాంత,बनास कांठा
Gujarat,Bharuch,బారుచ్,भरूच
Gujarat,Bhavnagar,భావ్నగర్,भावनगर
Gujarat,Botad,బోటడ్,बोटाड
Gujarat,Chota Udaipur,చోటా ఉదయపూర్,छोटा उदयपुर
Gujarat,Devbhumi Dwarka,దేవ్‌భూమి ద్వారక,देवभूमि द्वारका 
Gujarat,Dohad,దోహాడ్,दाहोद
Gujarat,Gandhinagar,గాంధీనగర్,गांधीनगर
Gujarat,Gir Somnath,గిర్ సోమనాథ్,गिर सोमनाथ
Gujarat,Jamnagar,జామ్నగర్,जामनगर
Gujarat,Junagadh,జునాగఢ్,जूनागढ़
Gujarat,Kachchh,ఖచ్చ్,कच्छ
Gujarat,Kheda,ఖేడా,खेड़ा
Gujarat,Mahesana,మహేసన,महेसाणा
Gujarat,Mahisagar,మహిసాగర్,महिसागर 
Gujarat,Morbi,మోర్బీ,मोरबी
Gujarat,Narmada,నర్మదా,नर्मदा
Gujarat,Navsari,నవసారి,नवसारी
Gujarat,Panch Mahals,పంచ మహల్స్,पंचमहल जिला
Gujarat,Patan,పటాన్,पाटन
Gujarat,Porbandar,పోర్బందర్,पोरबंदर
Gujarat,Rajkot,రాజ్కోట్,राजकोट
Gujarat,Sabar Kantha,సబర్ కాంత,सबर कांठा 
Gujarat,Surat,సూరత్,सूरत
Gujarat,Surendranagar,సురేంద్రనగర్,सुरेंद्रनगर
Gujarat,Tapi,తాపీ,तापी
Gujarat,The Dangs,డాంగ్స్,डांग
Gujarat,Vadodara,వడోదర,वडोदरा
Gujarat,Valsad,వల్సాడ్,वलसाड
Haryana,Ambala,అంబాలా,अंबाला
Haryana,Bhiwani,భివాని,भिवानी
Haryana,Charki Dadri,చార్కి దాద్రి,चरखी दादरी
Haryana,Faridabad,ఫరీదాబాద్,फरीदाबाद
Haryana,Fatehabad,ఫతేహాబాద్,फतेहाबाद
Haryana,Gurugram,గురుగ్రామ్,गुरुग्राम 
Haryana,Hisar,హిసార్,हिसार
Haryana,Jhajjar,ఝజ్జర్,झज्जर
Haryana,Jind,జింద్,जींद
Haryana,Kaithal,కైతల్,कैथल
Haryana,Karnal,కర్నాల్,करनाल
Haryana,Kurukshetra,కురుక్షేత్ర,कुरुक्षेत्र
Haryana,Mahendragarh,మహేంద్రగఢ్,महेंद्रगढ़
Haryana,Nuh,నూహ్,नूह 
Haryana,Palwal,పల్వల్,पलवल
Haryana,Panchkula,పంచకుల,पंचकुला
Haryana,Panipat,పానిపట్,पानीपत
Haryana,Rewari,రేవారి,रेवाड़ी
Haryana,Rohtak,రోహ్తక్,रोहतक
Haryana,Sirsa,సిర్సా,सिरसा
Haryana,Sonipat,సోనిపట్,सोनीपत
Haryana,Yamunanagar,యమునా,यमुनानगर
Himachal Pradesh,Bilaspur,బిలాస్పూర్,बिलासपुर
Himachal Pradesh,Chamba,చంబా,चंबा
Himachal Pradesh,Hamirpur,హమీర్ పూర్,हमीरपुर
Himachal Pradesh,Kangra,కాంగ్రా,कांगड़ा
Himachal Pradesh,Kinnaur,కిన్నౌర్,किन्नौर
Himachal Pradesh,Kullu,కుల్లు,कुल्लू
Himachal Pradesh,Lahul & Spiti,లాహుల్ & స్పితి,लाहौल-स्पीति
Himachal Pradesh,Mandi,మండి,मंडी
Himachal Pradesh,Shimla,సిమ్లా,शिमला
Himachal Pradesh,Sirmaur,శ్రీమౌర్,सिरमौर
Himachal Pradesh,Solan,సోలన్,सोलन 
Himachal Pradesh,Una,ఉన,ऊना
Jammu and Kashmir,Anantnag,అనంతనాగ్,अनंतनाग
Jammu and Kashmir,Badgam,బద్గామ్,बड़गाम
Jammu and Kashmir,Bandipore,బందిపూర్,बांदीपुरा
Jammu and Kashmir,Baramula,బారాముల్లా,बारामुला
Jammu and Kashmir,Doda,దోడ,डोडा
Jammu and Kashmir,Ganderbal,గందర్బల్,गंदरबल 
Jammu and Kashmir,Jammu,జమ్మూ,जम्मू
Jammu and Kashmir,Kathua,కథువా,कठुआ
Jammu and Kashmir,Kishtwar,కిష్ట్వార్,किश्तवाड़
Jammu and Kashmir,Kulgam,కుల్గామ్,कुलगाम
Jammu and Kashmir,Kupwara,కుప్వారా,कुपवाड़ा
Jammu and Kashmir,Mirpur,మిర్పూర్,मीरपुर
Jammu and Kashmir,Muzaffarabad,ముజఫరాబాద్,मुजफ्फराबाद
Jammu and Kashmir,Pulwama,పుల్వామా,पुलवामा
Jammu and Kashmir,Punch,పంచ్,पंच
Jammu and Kashmir,Rajouri,రాజౌరి,राजौरी
Jammu and Kashmir,Ramban,రాంబన్,रामबन
Jammu and Kashmir,Reasi,రియాసీ,रियासी
Jammu and Kashmir,Samba,సాంబా,सांबा
Jammu and Kashmir,Shupiyan,షుపియన్,शुपियाँ 
Jammu and Kashmir,Srinagar,శ్రీనగర్,श्रीनगर
Jammu and Kashmir,Udhampur,ఉధంపూర్,उधमपुर
Jharkhand,Bokaro,బొకారో,बोकारो
Jharkhand,Chatra,ఛత్ర,चतरा
Jharkhand,Deoghar,దేవఘర్,देवघर
Jharkhand,Dhanbad,ధన్బాద్,धनबाद
Jharkhand,Dumka,దుమ్కా,दुमका
Jharkhand,Garhwa,గరవా,गढ़वा
Jharkhand,Giridih,గిరిధ్,गिरिडीह
Jharkhand,Godda,గొడ్డా,गोड्डा
Jharkhand,Gumla,గుమ్లా,गुमला
Jharkhand,Hazaribagh,హజారీబాగ్,हजारीबाग
Jharkhand,Jamtara,జంతర,जामताड़ा
Jharkhand,Khunti,ఖుంతి,खूंटी
Jharkhand,Kodarma,కోధర్మ,कोडरमा
Jharkhand,Latehar,లాతేహార్,लातेहार
Jharkhand,Lohardaga,లోహార్దాగ,लोहरदागा 
Jharkhand,Pakur,పాకూర్,पाकुर
Jharkhand,Palamu,పలాము ,पलामू
Jharkhand,Pashchimi Singhbhum,పష్చిమి సింగ్భూమ్,पश्चिमी सिंघभूम 
Jharkhand,Purbi Singhbhum,పుర్బి సింగ్భూమ్,पूरबी सिंघभूम 
Jharkhand,Ramgarh,రాంగడ్,रामगढ़
Jharkhand,Ranchi,రాంచీ,रांची
Jharkhand,Sahibganj,సాహిబ్ గంజ్,साहिबगंज
Jharkhand,Saraikela-Kharsawan,సరైకేల  - ఖార్సవాన్ ,सराईकेला-खरसावाँ 
Jharkhand,Simdega,సిందేగా,सिमडेगा
Karnataka,Bagalkote,బాగల్కోటె,बागलकोट
Karnataka,Ballari,బళ్ళారి,बल्लारी 
Karnataka,Belagavi,బెలగావి,बेलगावी
Karnataka,Bengaluru,బెంగళూరు,बेंगलुरु
Karnataka,Bengaluru Rural,బెంగళూరు గ్రామీణ,बेंगलुरु ग्रामीण
Karnataka,Bidar,బీదర్,बीदर
Karnataka,Chamarajanagara,చామరాజనగర్,चामराजनगर 
Karnataka,Chikkaballapura,చిక్కబళ్లాపూర్,चिक्कबल्लपुर
Karnataka,Chikkamagaluru,చిక్కమంగళూరు,चिक्कामगलुरु
Karnataka,Chitradurga,చిత్రదుర్గ,चित्रदुर्ग
Karnataka,Dakshina Kannada,దక్షిణా కన్నడ,दक्षिण कन्नड़
Karnataka,Davanagere,దావణగేరె,दावनगेरे
Karnataka,Dharwad,ధార్వాడ్,धारवाड़
Karnataka,Gadag,గడగ్,गदग
Karnataka,Hassan,హసన్,हसन
Karnataka,Haveri,హవేరి,हावेरी
Karnataka,Kalaburagi,కాలబురగి,कालबुर्गी 
Karnataka,Kodagu,కొడగు,कोडगु 
Karnataka,Kolar,కోలార్,कोलार
Karnataka,Koppal,కొప్పల్,कोप्पल
Karnataka,Mandya,మాండ్య,मंड्या
Karnataka,Mysuru,మైసూరు,मैसूर
Karnataka,Raichur,రాయచూర్,रायचुर
Karnataka,Ramanagara,రామనగర,रामनगर
Karnataka,Shivamogga,శివమొగ్గ,शिवमोग्गा 
Karnataka,Tumakuru,తుముకూరు,तुमकुरु 
Karnataka,Udupi,ఉడిపి,उड़िपी 
Karnataka,Uttara Kannada,ఉత్తర కన్నడ,उत्तर कन्नड़
Karnataka,Vijayapura,విజయపుర,विजयपुरा 
Karnataka,Yadgir,యాద్గిర్,यादगीर
Kerala,Alappuzha,అలప్పుజ,अलपुझा
Kerala,Ernakulam,ఎర్నాకులం,एर्नाकुलम
Kerala,Idukki,ఇడుక్కి,इडुक्की
Kerala,Kannur,కన్నూర్,कन्नूर
Kerala,Kasaragod,కాసర్గోడ్,कासरगोड
Kerala,Kollam,కొల్లం ,कोल्लम
Kerala,Kottayam,కొట్టాయం,कोट्टायम
Kerala,Kozhikode,కోజికోడ్,कोझिकोड
Kerala,Malappuram,మలప్పురం,मलप्पुरम
Kerala,Palakkad,పాలక్కాడ్,पालक्काड 
Kerala,Pathanamthitta,పతనంతిట్ట,पथानामथिट्टा
Kerala,Thiruvananthapuram,తిరువంతపురం,तिरुवनंतपुरम
Kerala,Thrissur,త్రిస్సూర్,त्रिशूर
Kerala,Wayanad,వయనాడ్,वायनाड
Ladakh,Kargil,కార్గిల్,कारगिल
Ladakh,Leh,లేహ్,लेह
Lakshadweep,Lakshadweep,లక్షద్వీప్,लक्षद्वीप
Madhya Pradesh,Agar Malwa,అగర్ మాల్వా,अगर मालवा 
Madhya Pradesh,Alirajpur,అలిరాజపూర్ ,अलीराजपुर
Madhya Pradesh,Anuppur,అనుప్పూర్ ,अनूपपुर
Madhya Pradesh,Ashoknagar,అశోక్ నగర్ ,अशोकनगर
Madhya Pradesh,Balaghat,బాలఘాట్ ,बालाघाट
Madhya Pradesh,Barwani,బర్వాణీ ,बड़वानी
Madhya Pradesh,Betul,బెతుల్,बेतुल
Madhya Pradesh,Bhind,భిండ్ ,भिंड
Madhya Pradesh,Bhopal,భూపాల్,भोपाल
Madhya Pradesh,Burhanpur,బురహన్పూర్,बुरहानपुर
Madhya Pradesh,Chhatarpur,చతర్పూర్ ,छतरपुर
Madhya Pradesh,Chhindwara,చింద్వారా,छिंदवाड़ा
Madhya Pradesh,Damoh,దామోహ్ ,दमोह
Madhya Pradesh,Datia,దటియా,दतिया
Madhya Pradesh,Dewas,దేవాస్,देवास
Madhya Pradesh,Dhar,ధర్,धर 
Madhya Pradesh,Dindori,దిందోరి,डिंडोरी
Madhya Pradesh,East Nimar,తూర్పు నీమార్ ,पूर्व निमाड़
Madhya Pradesh,Guna,గుణ,गुना
Madhya Pradesh,Gwalior,గ్వాలియర్ ,ग्वालियर
Madhya Pradesh,Harda,హర్దా ,हरदा
Madhya Pradesh,Hoshangabad,హోషంగాబాద్ ,होशंगाबाद
Madhya Pradesh,Indore,ఇండోర్,इंदौर
Madhya Pradesh,Jabalpur,జబల్పూర్,जबलपुर
Madhya Pradesh,Jhabua,జబువా,झाबुआ
Madhya Pradesh,Katni,కాట్నీ,कटनी
Madhya Pradesh,Mandla,మండ్ల ,मंडला
Madhya Pradesh,Mandsaur,మందఁసౌర్ ,मंदसौर
Madhya Pradesh,Morena,మోరేనా ,मोरेना 
Madhya Pradesh,Narsimhapur,నరసింహపూర్ ,नरसिंहपुर
Madhya Pradesh,Neemuch,నీముచ్,नीमच
Madhya Pradesh,Niwari,నివారి ,निवारी
Madhya Pradesh,Panna,పన్నా,पन्ना
Madhya Pradesh,Raisen,రాయ్సేన్,रायसेन
Madhya Pradesh,Rajgarh,రాజ్ఘర్,राजगढ़
Madhya Pradesh,Ratlam,రత్లాం,रतलाम
Madhya Pradesh,Rewa,రేవా,रीवा
Madhya Pradesh,Sagar,సాగర్,सागर
Madhya Pradesh,Satna,సాత్నా,सतना
Madhya Pradesh,Sehore,సీహోర్ ,सीहोर
Madhya Pradesh,Seoni,సియోనీ,सिवनी
Madhya Pradesh,Shahdol,షాదోల్ ,शाहडोल
Madhya Pradesh,Shajapur,షాజాపూర్ ,शाजापुर
Madhya Pradesh,Sheopur,శివపూర్ ,श्योपुर
Madhya Pradesh,Shivpuri,శివపురి,शिवपुरी
Madhya Pradesh,Sidhi,సిద్ధి,सिद्धि 
Madhya Pradesh,Singrauli,సింగ్రౌలి,सिंगरौली
Madhya Pradesh,Tikamgarh,టికాంగర్హ్ ,टीकमगढ़
Madhya Pradesh,Ujjain,ఉజ్జయిన్ ,उज्जैन
Madhya Pradesh,Umaria,ఉమరియా ,उमरिया
Madhya Pradesh,Vidisha,విదీష,विदिशा
Madhya Pradesh,West Nimar,వెస్ట్ నీమార్ ,पश्चिम निमाड़
Maharashtra,Ahmadnagar,అహ్మద్ నగర్ ,अहमदनगर
Maharashtra,Akola,అకోలా,अकोला
Maharashtra,Amravati,అమరావతి,अमरावती
Maharashtra,Aurangabad,ఔరంగాబాద్,औरंगाबाद
Maharashtra,Bhandara,భండారా,भंडारा
Maharashtra,Bid,బిడ్,बिड 
Maharashtra,Buldana,బుల్దానా,बुलढाणा
Maharashtra,Chandrapur,చంద్రపూర్,चंद्रपुर
Maharashtra,Dhule,ధూలే,धुले
Maharashtra,Gadchiroli,గడ్చిరోలి,गडचिरोली
Maharashtra,Gondiya,గోండియా,गोंदिया जिला
Maharashtra,Hingoli,హింగోలీ,हिंगोली
Maharashtra,Jalgaon,జల్గావ్,जलगांव
Maharashtra,Jalna,జాల్నా,जालना 
Maharashtra,Kolhapur,కొల్హాపూర్,कोल्हापुर
Maharashtra,Latur,లాతూర్,लातूर
Maharashtra,Mumbai,ముంబై,मुंबई
Maharashtra,Mumbai Suburban,ముంబై సబర్బన్,मुंबई उपनगरीय
Maharashtra,Nagpur,నాగ్పూర్,नागपुर
Maharashtra,Nanded,నాందేడ్,नांदेड़
Maharashtra,Nandurbar,నందుర్బార్ ,नंदुरबार
Maharashtra,Nashik,నాసిక్,नासिक
Maharashtra,Osmanabad,ఉస్మానాబాద్,उस्मानाबाद
Maharashtra,Palghar,పాల్గర్ ,पालघर 
Maharashtra,Parbhani,పర్భాని,परभानी 
Maharashtra,Pune,పూనే,पुणे
Maharashtra,Raigarh,రాయ్గఢ్,रायगढ़
Maharashtra,Ratnagiri,రత్నగిరి,रत्नागिरी
Maharashtra,Sangli,సాంగ్లి,सांगली
Maharashtra,Satara,సతారా,सतारा
Maharashtra,Sindhudurg,సింధుదుర్గ్,सिंधुदुर्ग
Maharashtra,Solapur,సోలాపూర్,सोलापुर
Maharashtra,Thane,థానే,थाणे 
Maharashtra,Wardha,వార్ధా,वार्धा 
Maharashtra,Washim,వాషిం,वाशिम
Maharashtra,Yavatmal,యావత్మల్,यावतमाल 
Manipur,Bishnupur,బిష్ణుపూర్,बिष्णुपूर 
Manipur,Chandel,చందేల్,चंदेल
Manipur,Churachandpur,చురచంద్పూర్,छुरछंदपुर
Manipur,Imphal East,ఇంఫాల్ ఈస్ట్,इम्फाल ईस्ट
Manipur,Imphal West,ఇంఫాల్ వెస్ట్,इंफाल पश्चिम
Manipur,Jiribam,జిరిబం,जिरिबम 
Manipur,Kakching,కక్చింగ్,कक्चिंग 
Manipur,Kamjong,కంజోంగ్ ,कमजोंग 
Manipur,Kangpokpi,కాంగ్పాక్పి ,कांगपोकपि 
Manipur,Noney,నోనీ ,नोनी 
Manipur,Pherzawl,ఫెర్జ్వల్ ,फेरजॉल 
Manipur,Senapati,సేనాపతి,सेनापति
Manipur,Tamenglong,తమెంగ్లాంగ్,तामेंगलांग
Manipur,Tengnoupal,తెంగ్నౌపాల్ ,टेंगनोपाल 
Manipur,Thoubal,తౌబాల్,थौबल
Manipur,Ukhrul,ఉఖ్రుల్,उखरूल
Meghalaya,East Garo Hills,తూర్పు గారో హిల్స్,पूर्व गारो हिल्स
Meghalaya,East Jaintia Hills,తూర్పు జైన్తియా  హిల్స్,पूर्व जैंतिया हिल्स
Meghalaya,East Khasi Hills,ఈస్ట్ కాశీ హిల్స్,पूर्वी खासी हिल्स
Meghalaya,North Garo Hills,ఉత్తర గారో హిల్స్,उत्तर गारो हिल्स
Meghalaya,Ribhoi,రిబోయి ,रीभोई 
Meghalaya,South Garo Hills,దక్షిణ గారో హిల్స్,दक्षिण गारो हिल्स
Meghalaya,South West Garo Hills,సౌత్ వెస్ట్ గారో హిల్స్,दक्षिण पश्चिम गारो हिल्स
Meghalaya,South West Khasi Hills,సౌత్ వెస్ట్ కాశీ హిల్స్,साउथ वेस्ट खासी हिल्स
Meghalaya,West Garo Hills,వెస్ట్ గారో హిల్స్,पश्चिम गारो हिल्स
Meghalaya,West Jaintia Hills,వెస్ట్ జైన్తియా హిల్స్,पश्चिम जैंतिया हिल्स
Meghalaya,West Khasi Hills,వెస్ట్ కాశీ హిల్స్,पश्चिम खासी हिल्स
Mizoram,Aizawl,ఏయిసావ్ల్,आइजोल
Mizoram,Champhai,ఛాంఫై ,चम्फाई
Mizoram,Kolasib,కొలాజిబ్ ,कोलासिब
Mizoram,Lawngtlai,లవంగ్త్లై,लौंगथलाई 
Mizoram,Lunglei,లుంగ్ల్య్ ,लुंगलेई
Mizoram,Mamit,మామిత్ ,मामित
Mizoram,Saiha,సైహ,सैहा
Mizoram,Serchhip,సేర్చిప్ ,सेरछिप
Nagaland,Dimapur,దిమాపూర్,दीमापुर
Nagaland,Kiphire,కిఫిరె,किफायर
Nagaland,Kohima,కోహిమా,कोहिमा
Nagaland,Longleng,లాంగ్ లెంగ్,लोंगलेंग
Nagaland,Mokokchung,మోకోక్చుంగ్,मोकोकचुंग
Nagaland,Mon,మోన్ ,सोमवार
Nagaland,Peren,పెరెన్ ,पेरेन
Nagaland,Phek,ఫేక్,फेक 
Nagaland,Tuensang,ట్యూన్సంగ్,तुएनसांग
Nagaland,Wokha,వోఖా,वोखा
Nagaland,Zunheboto,జునెబోటొ,जुनेबोटो 
Odisha,Anugul,అనుగుల్ ,अनुगुल 
Odisha,Balangir,బలంగీర్,बलांगीर
Odisha,Baleshwar,బలేశ్వర్,बालेश्वर
Odisha,Bargarh,భర్గఢ్ ,बारगढ़
Odisha,Baudh,బౌధ్ ,बौद्ध 
Odisha,Bhadrak,భద్రక్ ,भद्रक
Odisha,Cuttack,కటక్,कटक
Odisha,Debagarh,దేబాగర్హ్ ,देबरगढ़ 
Odisha,Dhenkanal,దెంకనల్,ढेंकनाल
Odisha,Gajapati,గజపతి,गजपति
Odisha,Ganjam,గంజాం,गंजम
Odisha,Jagatsinghapur,జగత్సింగపూర్ ,जगतसिंहपुर 
Odisha,Jajapur,జజాపూర్ ,जजपुर 
Odisha,Jharsuguda,ఝార్సాగూడ ,झारसुगुडा
Odisha,Kalahandi,కలహండి,कालाहांडी
Odisha,Kandhamal,కంధమాల్,कंधमाल
Odisha,Kendrapara,కేంద్రపారా,केंद्रपाड़ा
Odisha,Kendujhar,కెందుఝార్ ,केंदुझार
Odisha,Khordha,ఖోర్ధ,खोर्धा 
Odisha,Koraput,కోరాపుట్,कोरापुट
Odisha,Malkangiri,మల్కాన్గిరి,मल्कानगिरी
Odisha,Mayurbhanj,మయూర్,मयूरभंज
Odisha,Nabarangapur,నబరంగపూర్ ,नबरंगपुर 
Odisha,Nayagarh,నయాగర్హ్ ,नयागढ़
Odisha,Nuapada,నువాపద ,नुआपाड़ा
Odisha,Puri,పూరి,पुरी
Odisha,Rayagada,రాయగడ,रायगढ़
Odisha,Sambalpur,సంబల్పూర్,संबलपुर
Odisha,Subarnapur,సుబర్ణపూర్ ,सुबर्णपुर 
Odisha,Sundargarh,సుందర్గఢ్,सुंदरगढ़
Puducherry,Karaikal,కారైకాల్,कराईकल
Puducherry,Mahe,మాహె ,माहे
Puducherry,Puducherry,పుదుచ్చేరి,पुडुचेरी
Puducherry,Yanam,యానాం,यानम
Punjab,Amritsar,అమృత్సర్,अमृतसर
Punjab,Barnala,బర్నాల,बरनाला
Punjab,Bathinda,భటిండా,बठिंडा
Punjab,Faridkot,ఫరీద్కోట్,फरीदकोट
Punjab,Fatehgarh Sahib,ఫతేగఢ్ సాహిబ్,फतेहगढ़ साहिब
Punjab,Fazilka,ఫజిల్క ,फाजिल्का
Punjab,Firozpur,ఫిరోజ్పూర్,फिरोजपुर
Punjab,Gurdaspur,గురుదాస్పూర్,गुरदासपुर
Punjab,Hoshiarpur,హోషియార్పూర్,होशियारपुर
Punjab,Jalandhar,జలంధర్,जलंधर 
Punjab,Kapurthala,కపుర్తలా,कपूरथला
Punjab,Ludhiana,లుధియానా,लुधियाना
Punjab,Mansa,మాన్సా,मानसा 
Punjab,Moga,మోగ,मोगा
Punjab,Pathankot,పఠాంకోట్,पठानकोट
Punjab,Patiala,పాటియాలా,पटियाला
Punjab,Rupnagar,రూప్నగర్,रूपनगर
Punjab,S.A.S. Nagar,ఎస్.ఏ.ఎస్ నగర్,एस.ए.एस. नगर
Punjab,Sangrur,సంగ్రూర్,संगरूर 
Punjab,Shahid Bhagat Singh Nagar,షాహిద్ భగత్ సింగ్ నగర్,शाहिद भगत सिंह नगर
Punjab,Sri Muktsar Sahib,శ్రీ ముక్త్సర్ సాహిబ్,मुक्तसर
Punjab,Tarn Taran,టార్న్ తరణ్,तरन तारन
Rajasthan,Ajmer,అజ్మీర్,अजमेर
Rajasthan,Alwar,అల్వార్,अलवर
Rajasthan,Banswara,బన్స్వారా,बांसवाड़ा
Rajasthan,Baran,బరన్,बरन
Rajasthan,Barmer,బార్మర్,बाड़मेर
Rajasthan,Bharatpur,భరత్పూర్,भरतपुर
Rajasthan,Bhilwara,భిల్వారా,भीलवाड़ा
Rajasthan,Bikaner,బికానెర్,बीकानेर
Rajasthan,Bundi,బుండి,बूंदी
Rajasthan,Chittaurgarh,చిత్తోర్గర్హ్ ,चितौड़गढ़
Rajasthan,Churu,చురు,चुरू
Rajasthan,Dausa,దౌసా,दौसा
Rajasthan,Dhaulpur,ధౌల్పూర్ ,धौलपुर
Rajasthan,Dungarpur,దుంగార్పూర్ ,डूंगरपुर
Rajasthan,Ganganagar,గంగానగర్,गंगानगर
Rajasthan,Hanumangarh,హనుమాంగర్హ్ ,हनुमानगढ़
Rajasthan,Jaipur,జైపూర్,जयपुर
Rajasthan,Jaisalmer,జైసల్మేర్,जैसलमेर
Rajasthan,Jalore,జాలోర్,जालोर
Rajasthan,Jhalawar,ఝలావర్,झालावाड़
Rajasthan,Jhunjhunu,ఝునుఝును ,झुंझुनू
Rajasthan,Jodhpur,జోధ్పూర్,जोधपुर
Rajasthan,Karauli,కరౌలి,करौली
Rajasthan,Kota,కోటా,कोटा
Rajasthan,Nagaur,నాగౌర్,नागौर
Rajasthan,Pali,పాలి,पाली
Rajasthan,Pratapgarh,ప్రతాప్గఢ్,प्रतापगढ़
Rajasthan,Rajsamand,రాజసమండ్,राजसमंद
Rajasthan,Sawai Madhopur,సవాయ్ మాధోపూర్,सवाई माधोपुर
Rajasthan,Sikar,సికార్,सीकर
Rajasthan,Sirohi,సిరోహి,सिरोही
Rajasthan,Tonk,టోంక్ ,टोंक
Rajasthan,Udaipur,ఉదయపూర్,उदयपुर
Sikkim,East District,తూర్పు జిల్లా,पूर्वी जिला
Sikkim,North District,ఉత్తర జిల్లా,उत्तरी जिला
Sikkim,South District,దక్షిణ జిల్లా,दक्षिण जिला
Sikkim,West District,పశ్చిమ జిల్లా,पश्चिम जिला
Tamil Nadu,Ariyalur,అరియలూర్ ,अरियालुर
Tamil Nadu,Chennai,చెన్నై,चेन्नई
Tamil Nadu,Coimbatore,కోయంబత్తూరు,कोयंबटूर
Tamil Nadu,Cuddalore,కడలూరు,कुड्डालोर
Tamil Nadu,Dharmapuri,ధర్మపురి,कडलोर 
Tamil Nadu,Dindigul,దిండిగల్,डिंडीगुल
Tamil Nadu,Erode,ఈరోడ్,इरोड
Tamil Nadu,Kancheepuram,కాంచీపురం ,कांचीपुरम
Tamil Nadu,Kanniyakumari,కన్యాకుమారి ,कन्याकुमारी
Tamil Nadu,Karur,కరూర్,करूर
Tamil Nadu,Krishnagiri,క్రిష్ణగిరి,कृष्णागिरी
Tamil Nadu,Madurai,మదురై ,मदुरै
Tamil Nadu,Nagapattinam,నాగపట్నం,नागपट्टिनम
Tamil Nadu,Namakkal,నమక్కల్,नमक्कल
Tamil Nadu,Perambalur,పెరంబలూర్,पेरम्बलुर
Tamil Nadu,Pudukkottai,పుదుకొట్టై ,पुदुक्कोट्टई
Tamil Nadu,Ramanathapuram,రామనాథపురం,रामनाथपुरम
Tamil Nadu,Salem,సేలం,सेलम 
Tamil Nadu,Sivaganga,శివగంగ,शिवगंगा
Tamil Nadu,Thanjavur,తంజావూరు,तंजावुर
Tamil Nadu,The Nilgiris,నీలగిరి,नीलगिरी
Tamil Nadu,Theni,తేని ,थेनि 
Tamil Nadu,Thiruvallur,తిరువళ్లూర్ ,तिरुवल्लुर
Tamil Nadu,Thiruvarur,తిరువరూర్,थिरुवरुर
Tamil Nadu,Thoothukkudi,తూత్తుకుడి ,थूथुकुडी
Tamil Nadu,Tiruchirappalli,తిరుచిరాపల్లి,तिरुचिरापल्ली
Tamil Nadu,Tirunelveli,తిరునల్వేలి,तिरुनेलवेली
Tamil Nadu,Tiruppur,తిరుప్పూర్,तिरुपूर
Tamil Nadu,Tiruvannamalai,తిరువన్నమలై,तिरुवन्नामलाई
Tamil Nadu,Vellore,వెల్లూర్,वेल्लोर
Tamil Nadu,Viluppuram,విలుప్పురం ,विलुप्पुरम
Tamil Nadu,Virudhunagar,విరుదునగర్,विरुधुनगर
Telangana,Adilabad,ఆదిలాబాద్,आदिलाबाद
Telangana,Bhadradri Kothagudem,భద్రాద్రి కొత్తగూడెం,भाद्रादृ कोठागुडेम 
Telangana,Hyderabad,హైదరాబాద్,हैदराबाद
Telangana,Jagitial,జగిత్యాల ,जगित्याल 
Telangana,Jangoan,జన్గోయన్,जंगाव 
Telangana,Jayashankar Bhupalapally,జయశంకర్ భూపాలపల్లి ,जयशंकर भूपालापल्ली 
Telangana,Jogulamba Gadwal,జోగులాంబ గద్వాల్,जोगुलाम्बा गढ़वाल 
Telangana,Kamareddy,కామారెడ్డి,कामारेड्डी 
Telangana,Karimnagar,కరీంనగర్,करीमनगर
Telangana,Khammam,ఖమ్మం,खम्मम
Telangana,Kumuram Bheem Asifabad,కొమరంభీమ్ ఆసిఫాబాద్,कौमरंभीं असिफाबाद 
Telangana,Mahabubabad,మహబూబాబాద్,महबुबाबाद
Telangana,Mahabubnagar,మహబూబ్నగర్,महबूबनगर
Telangana,Mancherial,మంచేరియాల్,मानचेरियल 
Telangana,Medak,మెదక్,मेडक
Telangana,Medchal Malkajgiri,మేడ్చల్ మల్కాజ్గిరి,मेडचाल मल्काजगिरि
Telangana,Mulugu,ములుగు ,मुलुगु 
Telangana,Nagarkurnool,నాగర్ కర్నూల్,नगरकुरनूल
Telangana,Nalgonda,నల్గొండ,नलगोंडा
Telangana,Narayanpet,నారాయణపేట,नारायणपेट
Telangana,Nirmal,నిర్మల్,निर्मल
Telangana,Nizamabad,నిజామాబాద్,निजामाबाद
Telangana,Peddapalli,పెద్దపల్లి,पेद्दापल्ली
Telangana,Rajanna Sircilla,రాజన్న సిర్సిల్ల,राजन्ना सिरिसिल्ला 
Telangana,Ranga Reddy,రంగారెడ్డి,रंगा रेड्डी
Telangana,Sangareddy,సంగారెడ్డి,संगारेड्डी
Telangana,Siddipet,సిద్దిపేట,सिद्दीपेट
Telangana,Suryapet,సూర్యాపేట,सूर्यापेट
Telangana,Vikarabad,వికారాబాద్,विकाराबाद
Telangana,Wanaparthy,వనపర్తి,वनपर्थी 
Telangana,Warangal Rural,వరంగల్ రూరల్,वरंगल ग्रामीण
Telangana,Warangal Urban,వరంగల్ అర్బన్,वरंगल शहरी
Telangana,Yadadri Bhuvanagiri,యాదాద్రి భువనగిరి ,यादाद्रि भुवनगिरि 
Tripura,Dhalai,దలై,धलाई
Tripura,Gomati,గోమతి,गोमती
Tripura,Khowai,ఖోవై ,खोवाई
Tripura,North Tripura,నార్త్ త్రిపుర,उत्तरी त्रिपुरा
Tripura,Sipahijala,సిపాహిజల ,सिपाहीजाला
Tripura,South Tripura,సౌత్ త్రిపుర,दक्षिण त्रिपुरा
Tripura,Unokoti,ఉనోకోటి ,उनाकोटी 
Tripura,West Tripura,వెస్ట్ త్రిపుర,पश्चिम त्रिपुरा
Uttar Pradesh,Agra,ఆగ్రా,आगरा
Uttar Pradesh,Aligarh,అలిగర్,अलीगढ़
Uttar Pradesh,Ambedkar Nagar,అంబేద్కర్ నగర్,अंबेडकर नगर
Uttar Pradesh,Amethi,అమేథి,अमेठी
Uttar Pradesh,Amroha,అంరోహ ,अमरोहा
Uttar Pradesh,Auraiya,ఔరైయా ,औरैया
Uttar Pradesh,Azamgarh,ఆజంగఢ్,आजमगढ़
Uttar Pradesh,Baghpat,బాఘ్పత్ ,बागपत
Uttar Pradesh,Bahraich,బహ్రెయిచ్,बहराइच
Uttar Pradesh,Ballia,బాలియా,बलिया
Uttar Pradesh,Balrampur,బలరామ్పూర్,बलरामपुर
Uttar Pradesh,Banda,బండ ,बांदा
Uttar Pradesh,Bara Banki,బారాబంకి ,बारा बांकी
Uttar Pradesh,Bareilly,బరెయిలీ ,बरेली
Uttar Pradesh,Basti,బస్తీ,बस्ती
Uttar Pradesh,Bhadohi,బడోహి ,भदोही
Uttar Pradesh,Bijnor,బిజ్నోర్,बिजनौर
Uttar Pradesh,Budaun,బుదౌన్ ,शाहजहांपुर
Uttar Pradesh,Bulandshahr,బులంద్షహర్,बुलंदशहर
Uttar Pradesh,Chandauli,చందౌలీ,चंदौली
Uttar Pradesh,Chitrakoot,చిత్రకూట్,चित्रकूट
Uttar Pradesh,Deoria,డెఒరియా,देवरिया
Uttar Pradesh,Etah,ఈటా ,एटा
Uttar Pradesh,Etawah,ఎతావాహ్ ,इटावा
Uttar Pradesh,Faizabad,ఫైజాబాద్,फैजाबाद
Uttar Pradesh,Farrukhabad,ఫరూఖాబాద్,फर्रुखाबाद
Uttar Pradesh,Fatehpur,ఫతేపూర్,फतेहपुर
Uttar Pradesh,Firozabad,ఫిరోజాబాద్,फिरोजाबाद
Uttar Pradesh,Gautam Buddha Nagar,గౌతమ్ బుద్ధ నగర్,गौतम बुद्ध नगर
Uttar Pradesh,Ghaziabad,ఘజియాబాద్,गाज़ियाबाद
Uttar Pradesh,Ghazipur,గాజీపూర్,गाजीपुर
Uttar Pradesh,Gonda,గోండా,गोंडा
Uttar Pradesh,Gorakhpur,గోరఖ్పూర్,गोरखपुर
Uttar Pradesh,Hamirpur,హమీర్ పూర్,हमीरपुर
Uttar Pradesh,Hapur,హాపూర్ ,हापुड़
Uttar Pradesh,Hardoi,హర్దోయ్ ,हरदोई
Uttar Pradesh,Hathras,హత్రాస్,हाथरस
Uttar Pradesh,Jalaun,జలౌన్ ,जालौन
Uttar Pradesh,Jaunpur,జౌన్పూర్,जौनपुर
Uttar Pradesh,Jhansi,ఝాన్సీ,झांसी
Uttar Pradesh,Kannauj,కనౌజ్,कन्नौज
Uttar Pradesh,Kanpur Dehat,కాన్పూర్ దేహత్,कानपुर देहात
Uttar Pradesh,Kanpur Nagar,కాన్పూర్ నగర్,कानपुर नगर
Uttar Pradesh,Kasganj,కసగంజ్ ,कासगंज
Uttar Pradesh,Kaushambi,కౌశంబి ,कौशाम्बी
Uttar Pradesh,Kheri,ఖేరి,खेरी
Uttar Pradesh,Kushinagar,కుషినగర్,कुशीनगर
Uttar Pradesh,Lalitpur,లలిత్పూర్,ललितपुर 
Uttar Pradesh,Lucknow,లక్నో,लखनऊ
Uttar Pradesh,Mahoba,మహోబ,महोबा
Uttar Pradesh,Mahrajganj,మహారాజగంజ్ ,महराजगंज 
Uttar Pradesh,Mainpuri,మెయిన్పురి,मैनपुरी
Uttar Pradesh,Mathura,మధుర,मथुरा
Uttar Pradesh,Mau,మౌ ,मऊ
Uttar Pradesh,Meerut,మీరట్,मेरठ
Uttar Pradesh,Mirzapur,మిర్జాపూర్,मिर्जापुर
Uttar Pradesh,Moradabad,మొరదాబాద్ ,मुरादाबाद
Uttar Pradesh,Muzaffarnagar,ముజఫర్నగర్,मुजफ्फरनगर
Uttar Pradesh,Pilibhit,పిలిభిత్,पीलीभीत
Uttar Pradesh,Pratapgarh,ప్రతాప్గఢ్,प्रतापगढ़
Uttar Pradesh,Prayagraj,ప్రయాగ్రాజ్,प्रयागराज
Uttar Pradesh,Rae Bareli,రాయ్బరేలీ,रायबरेली
Uttar Pradesh,Rampur,రాంపూర్,रामपुर
Uttar Pradesh,Saharanpur,సహారన్పూర్,सहारनपुर
Uttar Pradesh,Sambhal,సంభల్ ,संभल
Uttar Pradesh,Sant Kabir Nagar,సంత్ కబీర్ నగర్,संत कबीर नगर
Uttar Pradesh,Shahjahanpur,షాజహాన్పూర్,शाहजहांपुर
Uttar Pradesh,Shamli,షామిలి,शामली
Uttar Pradesh,Shrawasti,శ్రవస్తి ,श्रवस्ती
Uttar Pradesh,Siddharthnagar,సిద్ధార్థ్ నగర్ ,सिद्धार्थनगर
Uttar Pradesh,Sitapur,సీతాపూర్,सीतापुर
Uttar Pradesh,Sonbhadra,సొంభద్ర,सोनभद्र
Uttar Pradesh,Sultanpur,సుల్తాన్పూర్,सुल्तानपुर
Uttar Pradesh,Unnao,ఉన్నావ్,उन्नाव
Uttar Pradesh,Varanasi,వారణాసి,वाराणसी
Uttarakhand,Almora,అల్మోర,अल्मोड़ा
Uttarakhand,Bageshwar,బాగేశ్వర్,बागेश्वर
Uttarakhand,Chamoli,చమోలి,चमोली
Uttarakhand,Champawat,చంపావత్,चम्पावत
Uttarakhand,Dehradun,డెహ్రాడూన్,देहरादून
Uttarakhand,Hardwar,హరిద్వార్,हरद्वार
Uttarakhand,Nainital,నైనిటాల్,नैनीताल
Uttarakhand,Pauri Garhwal,పూరీ గర్హ్వాల్,पौड़ी गढ़वाल
Uttarakhand,Pithoragarh,పితోర్,पिथोरागढ़
Uttarakhand,Rudraprayag,రుద్రప్రయాగ,रुद्रप्रयाग
Uttarakhand,Tehri Garhwal,టెహ్రీ గర్వాల్,टिहरी गढ़वाल
Uttarakhand,Udham Singh Nagar,ఉధం సింగ్ నగర్ ,ऊधम सिंह नगर
Uttarakhand,Uttarkashi,ఉత్తరకాశీ,उत्तरकाशी
West Bengal,Alipurduar,అలీపూర్ద్వార్,अलीपुरद्वार
West Bengal,Bankura,బంకురా,बांकुड़ा
West Bengal,Birbhum,బీర్బుమ్,बीरभूम
West Bengal,Cooch Behar,కూచ్ బెహార్,कूचबिहार
West Bengal,Dakshin Dinajpur,దక్షిణ దినాజ్పూర్,दक्षिण दिनाजपुर
West Bengal,Darjeeling,డార్జిలింగ్,दार्जिलिंग
West Bengal,Hooghly,హుగ్లీ,हुगली
West Bengal,Howrah,హౌరా,हावड़ा
West Bengal,Jalpaiguri,జల్పైగురి,जलपाईगुड़ी
West Bengal,Jhargram,ఝార్గ్రామ్ ,झारग्राम
West Bengal,Kalimpong,కాలింపాంగ్,कलिम्पोंग
West Bengal,Kolkata,కోలకతా,कोलकाता
West Bengal,Maldah,మాల్దా,मालदा
West Bengal,Medinipur West,మేదినీపూర్ వెస్ట్,मेदिनीपुर पश्चिम
West Bengal,Murshidabad,ముర్షిదాబాద్,मुर्शिदाबाद
West Bengal,Nadia,నాడియా,नादिया
West Bengal,North 24 Parganas,ఉత్తర 24 పరగణాల,उत्तर 24 परगना
West Bengal,Paschim Bardhaman,పశ్చిమ్ బర్ధమాన్,पश्चिम बर्धमान
West Bengal,Purba Bardhaman,పూర్బ బర్ధమాన్ ,पूर्ब बर्धमान
West Bengal,Medinipur East,మేదినీపూర్ ఈస్ట్,मेदिनीपुर पूर्व
West Bengal,Purulia,పురులియా,पुरुलिया
West Bengal,South 24 Parganas,దక్షిణ 24 పరగణాల,दक्षिण 24 परगना
West Bengal,Uttar Dinajpur,ఉత్తర దినాజ్పూర్,उत्तर दिनाजपुर